2.496227866315386290e+00,6.368660098213321241e-01,0.000000000000000000e+00
2.287940293647080736e+00,3.024212195339920584e+00,0.000000000000000000e+00
-1.921053914382320205e-01,1.773952092555557858e+00,0.000000000000000000e+00
2.914177228921596807e+00,-4.268972754017146265e-01,0.000000000000000000e+00
6.805236727286287923e-01,-3.928613696182228221e-01,0.000000000000000000e+00
1.788796050644163582e-01,2.565316656351466662e+00,0.000000000000000000e+00
2.988091433667565244e+00,4.728808169167630915e-01,0.000000000000000000e+00
3.466723712279609071e-01,9.728192340289659734e-01,0.000000000000000000e+00
-5.369649941980121355e-01,1.211689386586051853e+00,0.000000000000000000e+00
-6.064473539972636829e-02,1.577322018197973019e+00,0.000000000000000000e+00
3.841064710726798115e-01,2.081913297754941716e+00,0.000000000000000000e+00
-6.446560930136620016e-01,3.120949303246280948e+00,0.000000000000000000e+00
1.123277508371564259e+00,1.316830402244083764e+00,0.000000000000000000e+00
1.062222521183450175e+00,8.897967740025480854e-01,0.000000000000000000e+00
-2.254934714782574900e-01,1.155577226139645530e+00,0.000000000000000000e+00
-4.369716423281635453e-01,3.720507464128814945e-01,0.000000000000000000e+00
1.224385160060529332e+00,-5.612172854729862159e-01,0.000000000000000000e+00
2.298891067366426455e+00,1.992122154009846158e+00,0.000000000000000000e+00
7.511694682688517810e-01,-1.895557277100667903e-03,0.000000000000000000e+00
1.822421977113287461e+00,8.654726068654093885e-01,0.000000000000000000e+00
1.465034594015797165e+00,1.475360913121766426e+00,0.000000000000000000e+00
1.912190253249701488e+00,4.819824239085339634e-01,0.000000000000000000e+00
1.545123385614493916e+00,2.852216665722128175e-01,0.000000000000000000e+00
1.375869119232023596e+00,4.740564182134980875e-01,0.000000000000000000e+00
6.181223276732001892e-01,1.869888721515706287e+00,0.000000000000000000e+00
1.955437939526388558e+00,1.102650900737812467e+00,0.000000000000000000e+00
1.504701897244470121e+00,1.244772128010352308e+00,0.000000000000000000e+00
-8.253633203086114811e-01,-7.603958392107945663e-02,0.000000000000000000e+00
9.807393259257944917e-01,1.247241392384146996e+00,0.000000000000000000e+00
2.672552527198640782e+00,1.045981950878408506e-01,0.000000000000000000e+00
3.363830120692782089e+00,6.867916164567640092e-01,0.000000000000000000e+00
1.245419421980842545e+00,2.258478593652546440e+00,0.000000000000000000e+00
-2.048871293245866365e-01,1.320963668515021006e+00,0.000000000000000000e+00
1.371147727597547661e+00,-9.937501677134386036e-02,0.000000000000000000e+00
3.038058107611729231e+00,1.009837007466993564e+00,0.000000000000000000e+00
-6.316556239252697491e-01,1.656859202147574983e+00,0.000000000000000000e+00
1.546394980912494388e+00,9.117436832798841984e-02,0.000000000000000000e+00
-2.460227936365972923e-01,-4.603692298687711570e-02,0.000000000000000000e+00
8.932436584725518269e-01,2.007181742150371484e+00,0.000000000000000000e+00
1.140904402209254265e+00,3.635335288212588889e-01,0.000000000000000000e+00
1.818758586915426800e+00,1.129971443841373491e+00,0.000000000000000000e+00
9.594439339473437300e-02,1.254448296241419847e+00,0.000000000000000000e+00
-3.361673903883732883e-01,4.293379619682050619e-01,0.000000000000000000e+00
-3.173849836391866575e-01,1.247305228822424672e+00,0.000000000000000000e+00
9.875152160527548295e-01,1.107171040770839499e+00,0.000000000000000000e+00
9.519533289147922295e-01,2.161577678613405773e+00,0.000000000000000000e+00
1.364153024319644469e+00,1.734410780739751523e+00,0.000000000000000000e+00
2.031571120914597905e+00,1.634676109874504402e+00,0.000000000000000000e+00
1.101724115812117155e-01,1.447763171338321442e+00,0.000000000000000000e+00
5.843811469347939269e-01,2.264965296152624541e-01,0.000000000000000000e+00
1.097462039592359107e+00,-5.374593353545369379e-01,0.000000000000000000e+00
2.333657765962838582e+00,-1.302330796459354900e+00,0.000000000000000000e+00
2.875783308669193072e+00,5.397031776084715293e-01,0.000000000000000000e+00
8.070253723721079187e-01,-6.777152427311705640e-01,0.000000000000000000e+00
7.400362670507053542e-01,2.469959907061608284e+00,0.000000000000000000e+00
1.763923585665353455e+00,4.770894530821070401e-01,0.000000000000000000e+00
4.078165214033696584e-01,-6.467508210767864973e-01,0.000000000000000000e+00
1.554367054248425584e-01,1.735250832529121823e+00,0.000000000000000000e+00
1.491397532675110105e+00,-1.508188051299486077e-03,0.000000000000000000e+00
-1.050164414210456698e+00,1.551215960323147680e+00,0.000000000000000000e+00
-8.539064122669715040e-02,5.229275695723800688e-01,0.000000000000000000e+00
-9.111048673694659428e-01,2.903989514594329524e-01,0.000000000000000000e+00
1.006569111783447434e+00,2.656060292999377070e-01,0.000000000000000000e+00
2.425741618441614289e+00,1.005674431043032779e+00,0.000000000000000000e+00
1.860457139368859814e+00,8.351304332400524277e-01,0.000000000000000000e+00
7.046485698776893125e-01,6.535995024523962860e-01,0.000000000000000000e+00
-1.296996048104861465e-01,2.097754297077589314e+00,0.000000000000000000e+00
2.540252075342356974e+00,1.575663399991094504e+00,0.000000000000000000e+00
7.726271436471946474e-01,1.945291567115292608e-01,0.000000000000000000e+00
-1.990981126171700311e-01,3.671523618711071135e-01,0.000000000000000000e+00
2.486669362380147685e+00,1.364746098814938691e+00,0.000000000000000000e+00
5.865460735417700189e-01,1.372128470773379183e+00,0.000000000000000000e+00
2.548986092413572990e+00,-3.450390916275321018e-01,0.000000000000000000e+00
1.840056010173263257e+00,1.014234683966908301e+00,0.000000000000000000e+00
1.529022306543515564e+00,1.570651264825712268e+00,0.000000000000000000e+00
9.734514712877012643e-01,6.833705338988578237e-01,0.000000000000000000e+00
1.950376982710372964e+00,8.933047030249545717e-01,0.000000000000000000e+00
2.406614468271735419e+00,2.689929419112245812e-01,0.000000000000000000e+00
1.848938348809741505e+00,9.063133893409505148e-01,0.000000000000000000e+00
2.658898894564920568e+00,-1.100459558354800471e+00,0.000000000000000000e+00
9.129421992972531763e-01,1.853730993207327593e+00,0.000000000000000000e+00
9.735485784493508321e-01,8.798478668105416123e-01,0.000000000000000000e+00
1.086972094791494037e-02,9.800948359526286957e-01,0.000000000000000000e+00
-1.119010380420139672e+00,7.168585254003611018e-01,0.000000000000000000e+00
1.969857258225081287e+00,1.166066850499969831e+00,0.000000000000000000e+00
-5.880927813171572538e-01,3.393107310707137447e-01,0.000000000000000000e+00
4.526569930663791874e-01,2.194930979797409698e+00,0.000000000000000000e+00
3.468223000172153681e-01,1.191628322433305076e+00,0.000000000000000000e+00
4.566649929497649252e-01,1.215090768149978961e-01,0.000000000000000000e+00
1.041342889757033596e+00,1.410844872509101178e+00,0.000000000000000000e+00
3.444206127484951141e-01,1.697843312949616212e+00,0.000000000000000000e+00
1.832189655065117329e+00,1.400835994339238111e+00,0.000000000000000000e+00
-2.675726687480581845e-01,8.974279340432165242e-01,0.000000000000000000e+00
1.225673706600898250e+00,1.461179343079823223e+00,0.000000000000000000e+00
1.305322176285228952e+00,2.302441873700868058e+00,0.000000000000000000e+00
2.445589876095114468e-01,-1.596795414265324009e-01,0.000000000000000000e+00
9.837234988761810461e-01,5.393966959624620916e-01,0.000000000000000000e+00
2.466925481279954813e+00,1.973942269550819750e+00,0.000000000000000000e+00
1.880742187653282826e+00,3.751854941276566713e-02,0.000000000000000000e+00
2.158574660573175485e+00,-7.476899920382940046e-02,0.000000000000000000e+00
-2.443910130602335862e-01,-4.675734265550199886e-01,0.000000000000000000e+00
8.033146548203536907e-01,2.464171621034665804e+00,0.000000000000000000e+00
7.161424351759726470e-02,1.428812419029698022e+00,0.000000000000000000e+00
5.423695932871983594e-01,8.190199192893510283e-01,0.000000000000000000e+00
1.767966162344707826e+00,1.966832360909676947e+00,0.000000000000000000e+00
-5.073111612157299444e-01,6.009452089826206045e-02,0.000000000000000000e+00
1.386905893880293394e+00,7.676615916613631629e-01,0.000000000000000000e+00
1.213714117923995195e+00,-2.338610896794355298e-01,0.000000000000000000e+00
1.730553064902756066e+00,1.186113809340153757e+00,0.000000000000000000e+00
5.649904896371111818e-01,1.379305195233129222e-01,0.000000000000000000e+00
2.607529219915743379e+00,2.559752606449111401e+00,0.000000000000000000e+00
1.275478722292171074e+00,2.344474341739396284e+00,0.000000000000000000e+00
8.889363434627473026e-01,1.130370124795498477e+00,0.000000000000000000e+00
1.016386681958721727e+00,9.901250851540087661e-01,0.000000000000000000e+00
1.576435190097015715e+00,1.315455582001101131e+00,0.000000000000000000e+00
-1.073509948212591159e+00,1.343952819369204299e+00,0.000000000000000000e+00
1.532058036866298600e+00,1.723272743199813384e+00,0.000000000000000000e+00
1.156156059145310833e+00,-1.339218351245972993e+00,0.000000000000000000e+00
1.686170935939851123e+00,1.311462383864425041e+00,0.000000000000000000e+00
2.336879602388275856e+00,1.050082433071989785e+00,0.000000000000000000e+00
7.788856446469971662e-02,4.773851827675623660e-01,0.000000000000000000e+00
1.622137755056018982e+00,1.673109565528058340e+00,0.000000000000000000e+00
1.591898355615619431e+00,1.674009102751332634e-01,0.000000000000000000e+00
3.628437083949953568e-02,-2.566256115841187846e-01,0.000000000000000000e+00
7.904449180574322220e-01,5.462227029914514809e-01,0.000000000000000000e+00
1.071760026088178774e+00,1.332961011316998956e+00,0.000000000000000000e+00
2.469401297349109736e+00,1.214348639348717063e+00,0.000000000000000000e+00
1.417752326802813601e-01,9.524089468128968949e-01,0.000000000000000000e+00
3.361783803510063340e-01,-8.612911440903723292e-01,0.000000000000000000e+00
1.457464412895654871e+00,1.021432834628744901e+00,0.000000000000000000e+00
1.508159358304304476e+00,2.034962829251537819e+00,0.000000000000000000e+00
1.301864803363706802e+00,-4.102032003319933118e-01,0.000000000000000000e+00
8.789269619641540965e-01,1.103885246443916390e+00,0.000000000000000000e+00
2.177365094774817988e-01,1.822510474990763907e-01,0.000000000000000000e+00
1.303282259285781119e+00,2.748398266567308124e+00,0.000000000000000000e+00
1.300012837142170863e+00,1.267463141107989744e+00,0.000000000000000000e+00
7.238694661440248090e-01,1.331515293078353812e+00,0.000000000000000000e+00
-7.078750591522640079e-01,1.554923114933483452e+00,0.000000000000000000e+00
4.102187406361085253e-01,5.505860786022436226e-01,0.000000000000000000e+00
1.431664103751612016e+00,2.190415371009214240e+00,0.000000000000000000e+00
5.151777073779497673e-01,9.853207001859759506e-01,0.000000000000000000e+00
-7.020463744712654997e-01,2.091941637011543342e+00,0.000000000000000000e+00
1.289974358973605018e+00,2.140906726873119670e-01,0.000000000000000000e+00
-6.217908342700553259e-01,2.127493792942294792e+00,0.000000000000000000e+00
1.450907263220739818e+00,-1.318338243635945872e+00,0.000000000000000000e+00
3.428002508265922899e+00,3.486928242652322929e+00,0.000000000000000000e+00
1.949436892896568629e+00,5.597479976113169942e-01,0.000000000000000000e+00
8.151491144558418167e-01,4.964484295789906021e-01,0.000000000000000000e+00
1.291686739665634187e+00,1.409954887643891430e+00,0.000000000000000000e+00
1.947315521386312920e+00,4.541270196159695738e-01,0.000000000000000000e+00
1.606712183449703790e+00,5.330816361219786748e-01,0.000000000000000000e+00
8.701529732965782582e-01,9.673282986865373578e-01,0.000000000000000000e+00
1.735094959957810268e-01,1.309566128219831871e+00,0.000000000000000000e+00
-8.519612996856151810e-02,1.873453127772630733e+00,0.000000000000000000e+00
1.449422976323772927e+00,9.732876158653893661e-01,0.000000000000000000e+00
5.449207527671893203e-01,1.272567424138902670e+00,0.000000000000000000e+00
1.218826874856040687e+00,1.016859244794124262e+00,0.000000000000000000e+00
6.191688118275795460e-02,1.663639533529676307e+00,0.000000000000000000e+00
2.082313853920814140e+00,1.596808426404022541e+00,0.000000000000000000e+00
3.133442504973582565e-01,1.450790274625287202e+00,0.000000000000000000e+00
1.820640822486496724e+00,1.927988972947887403e+00,0.000000000000000000e+00
-8.543645078542885241e-01,3.382454060657884565e+00,0.000000000000000000e+00
1.939090419062412973e+00,9.049311638393532364e-01,0.000000000000000000e+00
6.604182604009658508e-01,-8.316047077363408757e-01,0.000000000000000000e+00
-1.120190617202565520e-01,6.699477258716958206e-01,0.000000000000000000e+00
1.182118685310525663e+00,4.552350725502413153e-01,0.000000000000000000e+00
1.728438140076009155e+00,1.827884584565687476e+00,0.000000000000000000e+00
7.283406071003752924e-01,2.003374532826147636e-01,0.000000000000000000e+00
7.428334797632550890e-01,6.050055701725104429e-01,0.000000000000000000e+00
1.356311219718837391e+00,1.284973102882067231e+00,0.000000000000000000e+00
3.991294897373810491e-01,2.661024255780079173e+00,0.000000000000000000e+00
3.103053069737342629e-01,1.098107253111912041e+00,0.000000000000000000e+00
6.797147381468104932e-01,8.373563039412029729e-01,0.000000000000000000e+00
1.381930201457667096e+00,-3.641346311540016867e-01,0.000000000000000000e+00
9.027433000653237727e-01,-5.695032206759815807e-01,0.000000000000000000e+00
1.890798588864968099e+00,2.725035014029480784e+00,0.000000000000000000e+00
1.992197230625330384e+00,-6.285202351203782456e-01,0.000000000000000000e+00
4.008128111421636053e-01,-1.057673309735660538e-01,0.000000000000000000e+00
7.525878097510970699e-01,1.230880882345083860e+00,0.000000000000000000e+00
8.039850958968959294e-01,3.795369778680812711e-01,0.000000000000000000e+00
-1.223636632451255757e+00,1.517399163407086693e+00,0.000000000000000000e+00
4.777414984780282703e-01,4.692929011100839265e-01,0.000000000000000000e+00
6.195592148974682356e-01,1.628241978551923097e+00,0.000000000000000000e+00
6.584239865905537892e-01,2.239250566207953597e+00,0.000000000000000000e+00
8.409435450114969290e-01,-4.556075427794765709e-01,0.000000000000000000e+00
8.517329759706087078e-01,2.404837979704033124e+00,0.000000000000000000e+00
1.889569541080116766e+00,1.626375178916835251e+00,0.000000000000000000e+00
7.341759985001358180e-01,6.353371751897287645e-01,0.000000000000000000e+00
1.882190968622047045e+00,3.642705132516730337e-01,0.000000000000000000e+00
7.742753139531888262e-01,1.203352493089558051e+00,0.000000000000000000e+00
2.172441842875822982e+00,-2.013258465056086965e-01,0.000000000000000000e+00
-6.712085393553899326e-01,7.321080264081618605e-01,0.000000000000000000e+00
1.590164614973593071e+00,-2.653327216081198259e-01,0.000000000000000000e+00
4.269086337444549795e-02,4.481818584789903914e-01,0.000000000000000000e+00
5.310296405472187953e-01,2.126789373088804780e+00,0.000000000000000000e+00
-1.754317953840451860e+00,5.816547000222589414e-01,0.000000000000000000e+00
2.043329604590476301e+00,2.164312251341665494e+00,0.000000000000000000e+00
4.507993190927594984e-02,1.294369980906051376e+00,0.000000000000000000e+00
2.928000239806808569e+00,4.619990327864110791e-01,0.000000000000000000e+00
1.232973792255926737e+00,1.894810300578782414e+00,0.000000000000000000e+00
-1.101269353353624414e+00,-1.977380160950017896e+00,1.000000000000000000e+00
-4.051658621898281964e-01,-1.295982483767345927e+00,1.000000000000000000e+00
-2.258717625104418314e-01,-2.030617700361578848e+00,1.000000000000000000e+00
-9.488800511052674080e-01,2.447191226679772402e-01,1.000000000000000000e+00
-1.012168362930599752e+00,-1.782819563034433452e-01,1.000000000000000000e+00
-7.184903688514232556e-01,-9.536573452882914914e-01,1.000000000000000000e+00
4.286671386057876454e-01,1.164477805655785847e-01,1.000000000000000000e+00
-1.162713187404192716e+00,-3.760715680097463931e-01,1.000000000000000000e+00
-7.281671304279730972e-01,1.512527558392493532e-01,1.000000000000000000e+00
-2.267271146851193908e+00,-1.605906384085559413e+00,1.000000000000000000e+00
-1.603060596582934760e-01,-1.721129691972639986e+00,1.000000000000000000e+00
-1.893765242474322763e+00,-2.627163790197148963e+00,1.000000000000000000e+00
-5.058920525158585590e-01,1.390538596945821048e+00,1.000000000000000000e+00
-1.078694482841752844e+00,-1.619314407653120291e+00,1.000000000000000000e+00
-4.130700221093406288e-01,-1.307366068950697180e+00,1.000000000000000000e+00
-3.988124667008616786e-01,-1.143567300014468602e+00,1.000000000000000000e+00
-7.075046112053712255e-01,-2.580815757423384760e-01,1.000000000000000000e+00
-1.876394039491615207e+00,-1.438086706534900117e+00,1.000000000000000000e+00
2.057777546290702197e-01,-4.191388695247809659e-01,1.000000000000000000e+00
-1.537855208580646948e+00,-1.324467898535189647e+00,1.000000000000000000e+00
-1.421984928360202627e+00,-4.514687666457689597e-01,1.000000000000000000e+00
-9.818540391704116965e-01,-8.801653253260167675e-01,1.000000000000000000e+00
-3.683778631458287212e+00,-6.713750130978899389e-01,1.000000000000000000e+00
-1.005508248241340663e+00,7.861656152780271967e-02,1.000000000000000000e+00
-1.308945003976103472e+00,8.646993669523828085e-01,1.000000000000000000e+00
-1.633392081769931004e+00,-2.434217849016058199e-01,1.000000000000000000e+00
-1.874994393772940970e+00,-1.302802856156116684e+00,1.000000000000000000e+00
-4.939080474842394430e-02,-1.222415416032204272e+00,1.000000000000000000e+00
-2.768788782240926949e+00,-1.110502021700321196e+00,1.000000000000000000e+00
-4.319906622057800849e-02,-2.545447750814551213e+00,1.000000000000000000e+00
1.019112358921838268e+00,-2.249396357675900404e+00,1.000000000000000000e+00
-1.425152038658751286e-01,2.600862523319447117e-01,1.000000000000000000e+00
1.511941752994768517e+00,5.642544211860602843e-01,1.000000000000000000e+00
1.995327729280049756e-01,-2.257824847431228577e+00,1.000000000000000000e+00
-3.084159256679253946e+00,-3.850831213864840397e-01,1.000000000000000000e+00
-1.431814825649087464e+00,-2.588951916962092703e+00,1.000000000000000000e+00
1.077356635208571056e+00,-9.834682804469331296e-01,1.000000000000000000e+00
-2.394954062389656801e+00,4.180579403360473734e-03,1.000000000000000000e+00
-1.558607028891571655e+00,-3.029018016820542725e-01,1.000000000000000000e+00
-7.667442508589507044e-01,-2.590775286481794559e-01,1.000000000000000000e+00
-1.647876533389427411e+00,-1.766697053985393229e+00,1.000000000000000000e+00
-1.043194835324344982e+00,-8.631246419606197762e-01,1.000000000000000000e+00
1.115227149413489105e-01,-2.158756634866247026e+00,1.000000000000000000e+00
-1.283588325883972203e+00,-3.809027144702800127e-01,1.000000000000000000e+00
-1.793044731812409420e+00,-1.524978996542052379e+00,1.000000000000000000e+00
-1.172906372805949005e+00,-2.627357989711993635e-01,1.000000000000000000e+00
5.499855862131322048e-01,-1.910045779747349570e+00,1.000000000000000000e+00
-1.006878345638036576e+00,2.722134120189430018e-01,1.000000000000000000e+00
-1.505687146375593866e+00,-1.320728069529261139e+00,1.000000000000000000e+00
2.400924285741528053e-01,5.755201270816130421e-01,1.000000000000000000e+00
-7.938241206914431469e-02,-7.835302102662153878e-01,1.000000000000000000e+00
-2.212604578282733492e+00,-1.191379831703742509e+00,1.000000000000000000e+00
9.236362192865765763e-02,-1.159039480859526794e+00,1.000000000000000000e+00
-1.259370890771192242e+00,-2.963731093114534421e-01,1.000000000000000000e+00
4.434584350136925313e-01,-8.332812900020587499e-01,1.000000000000000000e+00
-2.014799296610623625e+00,-1.743112902337588643e+00,1.000000000000000000e+00
7.726041594735399975e-02,-8.090633459674088090e-01,1.000000000000000000e+00
-1.681286090318024007e+00,-1.022637425151445845e+00,1.000000000000000000e+00
-1.942580817118335856e+00,1.675235377302040085e-01,1.000000000000000000e+00
-1.254108893605121899e+00,-6.392621023088798093e-01,1.000000000000000000e+00
-3.194902317921676005e+00,-1.702148264585341852e+00,1.000000000000000000e+00
-3.091911340399648989e-01,-1.449794760603218435e+00,1.000000000000000000e+00
-7.987909887692302702e-01,5.251275782477302645e-01,1.000000000000000000e+00
-1.198524383702893825e+00,-3.971451697728552999e-01,1.000000000000000000e+00
-1.401198470808560081e+00,-9.573237816286273016e-01,1.000000000000000000e+00
-3.312634653784261474e+00,-2.031196994194040872e+00,1.000000000000000000e+00
-2.357800975349706896e+00,-2.106551303273656472e+00,1.000000000000000000e+00
-1.593134922796181518e+00,-2.249802765790091197e+00,1.000000000000000000e+00
-1.211900070811817942e+00,-1.354548203334695833e+00,1.000000000000000000e+00
-2.234414654670875411e-01,-6.218584551836114915e-02,1.000000000000000000e+00
-6.482365877805937870e-01,3.664396372388243339e-01,1.000000000000000000e+00
-2.126601442964389577e+00,-1.000540454314974292e+00,1.000000000000000000e+00
-2.244353303611188899e+00,-1.597027171865283535e+00,1.000000000000000000e+00
-1.802546960623917283e+00,-4.321676162634519036e-01,1.000000000000000000e+00
-5.886945457416764560e-01,-1.954596076968854179e+00,1.000000000000000000e+00
-3.754466445763758875e-01,-1.034429860084598474e+00,1.000000000000000000e+00
-9.845237343757292647e-01,-1.640744653115583818e+00,1.000000000000000000e+00
-1.414141040588445142e+00,-1.053079792467885856e-01,1.000000000000000000e+00
-1.164293951097477242e+00,3.228254821514173756e-01,1.000000000000000000e+00
-1.137895158428090969e+00,-6.304036363938270160e-01,1.000000000000000000e+00
-2.451354762762762540e+00,-1.340483688063812462e+00,1.000000000000000000e+00
-2.303223811313110936e+00,-1.876362965171319619e+00,1.000000000000000000e+00
-5.085121344243644925e-01,-1.264905107134579820e+00,1.000000000000000000e+00
-1.619546198901121947e+00,-2.499685711062078930e+00,1.000000000000000000e+00
-1.580656864950913398e+00,-2.145753763137816073e+00,1.000000000000000000e+00
3.013286447482834696e-01,-7.901213249606777733e-01,1.000000000000000000e+00
-1.290243297832833758e+00,-1.857642532181521533e-01,1.000000000000000000e+00
-1.121041459040664989e+00,1.762088173198785856e+00,1.000000000000000000e+00
-1.901010339130464022e+00,-7.735410346947640958e-01,1.000000000000000000e+00
-1.109189474959501487e+00,-7.883065563964568589e-01,1.000000000000000000e+00
-1.703852564792224467e+00,-1.893545941591757931e+00,1.000000000000000000e+00
-9.460127246929139755e-01,-2.556445404305424329e+00,1.000000000000000000e+00
1.064825579006099865e+00,-1.500091258423555063e+00,1.000000000000000000e+00
6.832444835064468425e-01,2.030285193223566598e-01,1.000000000000000000e+00
-7.645116548652999278e-01,-9.566119530752779099e-01,1.000000000000000000e+00
-2.018144275247492070e-01,-4.587970176194657856e-01,1.000000000000000000e+00
-2.203765960066780494e+00,-2.130232903040818027e+00,1.000000000000000000e+00
-1.032598972706728624e+00,1.198353329349586716e+00,1.000000000000000000e+00
-5.799878726701976905e-01,-1.738172811522779249e+00,1.000000000000000000e+00
-1.213028693867896468e+00,-1.294226779096103286e+00,1.000000000000000000e+00
-2.733087252884252027e-01,-2.478390836599841940e-03,1.000000000000000000e+00
-1.668723980306283217e+00,-1.147709560615352009e+00,1.000000000000000000e+00
-1.112336321747864121e+00,-5.518713409498933187e-01,1.000000000000000000e+00
-3.606824923881998934e+00,-1.152334688122586437e+00,1.000000000000000000e+00
-8.361295270748894115e-01,-9.468458136662247782e-01,1.000000000000000000e+00
-5.009087456428069629e-01,-2.333147583684199944e+00,1.000000000000000000e+00
-1.432298814275668297e+00,-1.632131353520466011e+00,1.000000000000000000e+00
-3.392604479263083839e-02,-5.082629386245278713e-01,1.000000000000000000e+00
-2.019927180131027455e+00,7.331697090048199250e-01,1.000000000000000000e+00
-1.108570886823365687e+00,-1.769631934788297611e+00,1.000000000000000000e+00
-7.468810132833841875e-01,7.581268441277158043e-01,1.000000000000000000e+00
-2.520750370466122270e+00,7.368306997154003835e-01,1.000000000000000000e+00
-8.049591591975308047e-01,-5.870579414924261830e-01,1.000000000000000000e+00
9.894832326862637029e-01,-2.631604979352506479e-01,1.000000000000000000e+00
7.272439991897832190e-01,-3.098835686369527664e-01,1.000000000000000000e+00
-6.125206666741400685e-02,9.107642989423563318e-01,1.000000000000000000e+00
-1.882140253644582817e+00,-9.876167724238793522e-01,1.000000000000000000e+00
-4.194893273367465980e-01,-1.545463700462225365e+00,1.000000000000000000e+00
-6.160645995982205747e-02,-2.750158806803413292e+00,1.000000000000000000e+00
-1.937081758256379516e+00,-2.650637385962185455e+00,1.000000000000000000e+00
-2.295007801722543928e+00,-4.630008839695841649e-01,1.000000000000000000e+00
4.679650966114223820e-02,-1.239424436130160068e+00,1.000000000000000000e+00
-2.181126063704312834e-01,-4.836854809063980909e+00,1.000000000000000000e+00
-1.165118655518607715e+00,-5.796934174893233482e-01,1.000000000000000000e+00
-1.863606087455347948e+00,9.282850598409573273e-01,1.000000000000000000e+00
1.049066290827005421e-01,-5.946708595353989990e-01,1.000000000000000000e+00
-2.115477199011333020e-01,-5.091064229713269107e-01,1.000000000000000000e+00
-1.644637777258596500e+00,-1.023252633431344094e+00,1.000000000000000000e+00
6.360757444396543114e-01,3.991224254950089811e-01,1.000000000000000000e+00
-7.490682763925076149e-01,-1.097859311047044928e+00,1.000000000000000000e+00
-2.747518349465807752e+00,-1.344525347866333043e+00,1.000000000000000000e+00
-4.003728036709706117e-01,-9.229716847028732740e-01,1.000000000000000000e+00
-3.887028824882171607e-01,-7.727770999747831659e-01,1.000000000000000000e+00
-4.539995448186118221e-01,-1.253521409491152427e+00,1.000000000000000000e+00
-1.932493577558929143e-01,-8.500634544307439366e-01,1.000000000000000000e+00
-1.168492122858895810e+00,-2.545722303789081487e+00,1.000000000000000000e+00
-1.653673037839192173e+00,-1.287841441000574516e+00,1.000000000000000000e+00
-2.509977602837722976e+00,-6.203315807723999153e-01,1.000000000000000000e+00
-1.368063876872563922e+00,-1.348636561851030313e+00,1.000000000000000000e+00
1.726927450425258748e+00,6.156394045103263934e-02,1.000000000000000000e+00
-1.838035574103100700e-01,-1.500586805385811795e-01,1.000000000000000000e+00
-1.044956060550968679e+00,-3.109564659427194400e+00,1.000000000000000000e+00
-7.498546843029538778e-01,-2.283956993980035932e+00,1.000000000000000000e+00
-1.813149312839144045e+00,9.329849218262475929e-02,1.000000000000000000e+00
-1.561462102954381814e+00,-2.463862348887725595e+00,1.000000000000000000e+00
-2.371555235944609930e+00,-1.562028443312173387e-01,1.000000000000000000e+00
-5.977801873140964339e-02,-2.718395254073963319e+00,1.000000000000000000e+00
-1.566664210324411055e-01,-2.946984140613644332e-01,1.000000000000000000e+00
9.961013892474663844e-01,-2.838563425363991310e+00,1.000000000000000000e+00
-8.982121227814737763e-01,-1.017551167976681770e+00,1.000000000000000000e+00
-1.231060662502071024e+00,-1.506430672608737975e+00,1.000000000000000000e+00
-1.564152616483791114e+00,-2.067305762750175635e-01,1.000000000000000000e+00
-1.380589108085146233e+00,-1.566789420757608742e+00,1.000000000000000000e+00
-7.568447688212472935e-01,2.796060194549256916e-01,1.000000000000000000e+00
-7.015127130159928281e-01,-1.752819122242478933e+00,1.000000000000000000e+00
-1.960461789412941691e+00,-1.267239586168925847e+00,1.000000000000000000e+00
-2.395919198255966442e+00,2.317964934557044110e-01,1.000000000000000000e+00
-3.865549318600101092e-01,-1.735842649395468618e+00,1.000000000000000000e+00
-4.688549789940372747e-01,-1.788378456795628679e+00,1.000000000000000000e+00
5.768715700309177130e-01,-5.509091697861906445e-01,1.000000000000000000e+00
4.496065189566933462e-02,1.720175704966561359e+00,1.000000000000000000e+00
-9.842899219348580919e-01,-7.123056801730676124e-02,1.000000000000000000e+00
-1.293053283736051773e+00,-1.133006798653390712e+00,1.000000000000000000e+00
7.850729859917038311e-02,-3.522117361103712652e-01,1.000000000000000000e+00
-3.796478024728250356e-01,-2.409136534762922111e+00,1.000000000000000000e+00
-1.453581896659009498e+00,-2.041258303518635131e+00,1.000000000000000000e+00
-3.072962591693952028e+00,-1.379919325413400788e+00,1.000000000000000000e+00
-7.513083576750356762e-01,-3.834970159957264979e-01,1.000000000000000000e+00
-1.983516762242122367e-01,-2.631487482847497450e+00,1.000000000000000000e+00
-5.711422616336505609e-01,1.780922099096644562e-01,1.000000000000000000e+00
-1.940517535709446184e-01,-1.401875666640074458e+00,1.000000000000000000e+00
-1.604447412582745924e+00,-3.899046551815751327e-01,1.000000000000000000e+00
9.468262278029326851e-03,-1.360035512955958481e+00,1.000000000000000000e+00
9.311565507219787818e-03,-7.768492956185764076e-01,1.000000000000000000e+00
4.844616901112672736e-01,-1.408051126797822628e+00,1.000000000000000000e+00
-7.989779823529298275e-01,-1.818525619320840558e+00,1.000000000000000000e+00
-4.873473002940288401e-01,-2.338111087356333773e-01,1.000000000000000000e+00
-3.427560992272188578e+00,-1.293073916474294593e+00,1.000000000000000000e+00
-3.127889034920674050e+00,-1.130362107258495730e+00,1.000000000000000000e+00
-1.180216698075913673e+00,7.333959560865674909e-01,1.000000000000000000e+00
-1.219506652699360982e+00,-6.928557224038300877e-02,1.000000000000000000e+00
-8.166112492341736084e-01,-3.126999930898901603e+00,1.000000000000000000e+00
-7.469345291021530775e-01,-7.985941274211361129e-02,1.000000000000000000e+00
-1.653050239767892116e+00,-1.520808806218000520e+00,1.000000000000000000e+00
3.124229283165911308e-01,5.823282148016550863e-02,1.000000000000000000e+00
1.301205853530695844e-01,8.023672605623224374e-01,1.000000000000000000e+00
-1.657511019032710697e+00,-1.833783277920385535e-01,1.000000000000000000e+00
3.090362771202015413e-01,8.048653520314807963e-03,1.000000000000000000e+00
-9.859567314263817384e-02,-7.755597491318293457e-01,1.000000000000000000e+00
-1.032595906777568739e+00,1.113488538232485503e-01,1.000000000000000000e+00
-2.334025549044917991e-01,-2.930549996242513444e+00,1.000000000000000000e+00
-2.162100729189093240e+00,6.366183613837606003e-02,1.000000000000000000e+00
-2.496038266393449057e+00,-6.918808657299841958e-01,1.000000000000000000e+00
-1.003754292869377229e+00,-2.060410874577236484e+00,1.000000000000000000e+00
-1.427686048561510601e+00,-5.782218824486595743e-02,1.000000000000000000e+00
-1.648846375286499910e+00,-1.395647329035305084e+00,1.000000000000000000e+00
-1.883884202878443048e-01,-2.667057516107738557e+00,1.000000000000000000e+00
-1.628547297643367031e+00,-2.451775029982453669e-01,1.000000000000000000e+00
-1.543166700054471541e+00,-1.713628960658531541e+00,1.000000000000000000e+00
3.729934128673872973e-01,-2.368495686211860018e+00,1.000000000000000000e+00
2.631976777241632703e+00,2.759644997293190016e+00,0.000000000000000000e+00
-8.460706501724395423e-01,8.912392251535896648e-01,0.000000000000000000e+00
2.321281093020838959e+00,2.386026157431773598e+00,0.000000000000000000e+00
-3.826228232073956903e+00,-2.935009378179127992e+00,0.000000000000000000e+00
2.070272350965005614e+00,-3.872312046972627542e+00,0.000000000000000000e+00
-3.521705664672418301e+00,3.007691298224925092e+00,0.000000000000000000e+00
-4.285185048581065637e+00,-3.121193266582003467e+00,0.000000000000000000e+00
-4.394907523834757690e+00,-1.470539341743178685e+00,0.000000000000000000e+00
1.177358254011284799e-02,-7.972623054407153020e-01,0.000000000000000000e+00
2.580422457610520581e+00,-2.297626687228047970e+00,0.000000000000000000e+00
-6.779490161143986171e-02,-4.929242903072470483e-01,0.000000000000000000e+00
2.365165695852079253e+00,4.594032801209149142e-01,0.000000000000000000e+00
-3.263583096035027609e-03,1.051231851481952972e+00,0.000000000000000000e+00
2.141432983913220234e+00,4.825749093481901397e-01,0.000000000000000000e+00
-2.304793044152301018e+00,1.224908198855731101e+00,0.000000000000000000e+00
-5.179188935831700036e-01,2.317357534608103009e+00,0.000000000000000000e+00
1.257479736422091321e+00,-3.747053455104234487e-01,0.000000000000000000e+00
-3.368717108751962286e+00,2.338578587044032098e+00,0.000000000000000000e+00
-4.212550579239432658e+00,6.651878834037425747e-01,0.000000000000000000e+00
3.197753076198583955e-01,2.368744669490226329e+00,0.000000000000000000e+00
-4.036898959792038610e+00,1.036728748949350631e+00,0.000000000000000000e+00
1.776568800042102048e+00,3.121930030419317603e-02,0.000000000000000000e+00
-2.858500676232598625e+00,1.444963807706159287e+00,0.000000000000000000e+00
-3.799839756600610130e+00,-1.917136540463335592e-01,0.000000000000000000e+00
1.932687611463652644e-01,-4.795483522918048358e+00,0.000000000000000000e+00
-8.786923909557615708e-01,2.784756021893615596e+00,0.000000000000000000e+00
3.121352469737188606e+00,-2.076132021572900666e+00,0.000000000000000000e+00
-2.810366699484984743e+00,2.364032462879924523e+00,0.000000000000000000e+00
-4.131431836483947073e+00,-3.592266416173751864e+00,0.000000000000000000e+00
3.326158479214912589e+00,-2.331146239750820914e+00,0.000000000000000000e+00
-4.129440400120320653e+00,3.226764424523167918e+00,0.000000000000000000e+00
2.274185925123782148e+00,-2.866894965855713018e+00,0.000000000000000000e+00
-1.986343779253185282e+00,-2.746120836250031338e+00,0.000000000000000000e+00
-7.072569179745702428e-02,2.093220758965036232e+00,0.000000000000000000e+00
1.336545630808426921e+00,-3.228471538042652078e+00,0.000000000000000000e+00
-2.720775730973757689e+00,-2.645454891965361988e+00,0.000000000000000000e+00
-2.400596555543315080e+00,-4.553341434838038104e+00,0.000000000000000000e+00
-1.650975528100993017e-01,7.429135123644421412e-01,0.000000000000000000e+00
-2.649335838551129640e+00,3.139974420157354729e+00,0.000000000000000000e+00
-3.428506742827872600e-01,2.309076035935417437e+00,0.000000000000000000e+00
-8.694563601481242188e-02,-2.760380935101039768e+00,0.000000000000000000e+00
-4.783278566403848409e+00,-3.969573588682136833e+00,0.000000000000000000e+00
1.605848329840734223e+00,3.337476634402960940e+00,0.000000000000000000e+00
-2.909746543715595379e+00,-1.778733133777121722e-01,0.000000000000000000e+00
2.571372329724776584e+00,-1.631263649943007099e+00,0.000000000000000000e+00
-1.920909386283279563e+00,-4.396610535633863392e+00,0.000000000000000000e+00
-1.477838951223716890e+00,3.208942741043689040e+00,0.000000000000000000e+00
-3.178606981127024333e+00,-3.147106456475848191e+00,0.000000000000000000e+00
-1.644877162356661593e+00,-2.956505983494081669e+00,0.000000000000000000e+00
7.251547315281046124e-01,1.388006198952497883e+00,0.000000000000000000e+00
2.446046687146161247e+00,-3.146177573814893602e+00,0.000000000000000000e+00
2.477053120264359087e+00,-6.641357197324140316e-01,0.000000000000000000e+00
1.362963571283464681e+00,1.232106316711562677e+00,0.000000000000000000e+00
-3.589985013683210546e+00,-4.077717789671691406e+00,0.000000000000000000e+00
-3.231964507189342584e+00,1.242931936592052367e+00,0.000000000000000000e+00
-2.475604752953301180e+00,-1.185833676886430155e+00,0.000000000000000000e+00
-8.368755837334678205e-01,-3.438898454786120329e+00,0.000000000000000000e+00
-9.848907555999266705e-01,1.634103838484941562e+00,0.000000000000000000e+00
-2.398332325647519081e+00,-4.054857021341709888e+00,0.000000000000000000e+00
-3.635482012593547640e+00,2.626455041266143375e+00,0.000000000000000000e+00
2.570998396460000279e+00,1.901721999275825858e+00,0.000000000000000000e+00
1.672069233673721733e+00,9.368784448548579391e-01,0.000000000000000000e+00
2.297277463908532269e+00,-3.263872490309541075e+00,0.000000000000000000e+00
-3.697939509006822334e+00,-4.788144577703493887e+00,0.000000000000000000e+00
-3.852854055305630521e+00,2.408250717847309375e+00,0.000000000000000000e+00
-1.718851487413479262e+00,2.209875015016543820e+00,0.000000000000000000e+00
-1.293269626474418121e+00,2.146760881656017972e+00,0.000000000000000000e+00
-1.981838725591320127e+00,9.344710848018245031e-02,0.000000000000000000e+00
4.259940353026916426e-01,-3.025645359041537752e+00,0.000000000000000000e+00
7.307563644463357377e-01,3.362485504050146901e+00,0.000000000000000000e+00
-2.284969284693437075e+00,-5.585654062769993544e-01,0.000000000000000000e+00
-8.456326806738228008e-01,-2.717055583409341946e+00,0.000000000000000000e+00
1.777409031394500794e+00,8.098665970720961838e-01,0.000000000000000000e+00
-1.718095244656534071e+00,-3.267910241259832649e+00,0.000000000000000000e+00
1.855056334893116166e+00,2.943779701068283572e+00,0.000000000000000000e+00
1.383564493878974844e-01,-6.750129833658311540e-01,0.000000000000000000e+00
-1.112991289399921424e+00,-3.090921503836312034e+00,0.000000000000000000e+00
-4.458287736177572569e+00,4.752686849974114836e-01,0.000000000000000000e+00
-1.719683359147839319e+00,1.986558287073575180e+00,0.000000000000000000e+00
-4.496917008017787154e+00,-2.187785248358982138e+00,0.000000000000000000e+00
-3.121428787101478974e+00,-6.175814345373318304e-01,0.000000000000000000e+00
1.884351065278587534e+00,-3.980936885982107043e-01,0.000000000000000000e+00
1.584859785565324586e-01,-2.810744698549266563e+00,0.000000000000000000e+00
-3.924221485048571267e-01,-4.375229126523141332e-01,0.000000000000000000e+00
2.506911424202964866e+00,-2.062935010027517890e-01,0.000000000000000000e+00
3.400339677163394470e+00,-1.014878662639359330e+00,0.000000000000000000e+00
-2.432449124099720361e+00,-1.635657575986003476e+00,0.000000000000000000e+00
-3.821967222763985816e+00,9.670645454822057729e-01,0.000000000000000000e+00
-1.066451823144046074e+00,-3.982422274354745717e+00,0.000000000000000000e+00
-2.749439974212436688e+00,1.817326852438830187e+00,0.000000000000000000e+00
-2.490316311670618621e+00,-7.619689888398912814e-01,0.000000000000000000e+00
4.763746475218670895e-01,-3.749160038217090651e+00,0.000000000000000000e+00
-3.384036712515513301e+00,-7.395725097150602778e-01,0.000000000000000000e+00
2.973173636104854189e+00,-2.263723577005874343e+00,0.000000000000000000e+00
-1.796083178486415299e+00,-6.113459904528841804e-01,0.000000000000000000e+00
-2.981747204831330045e+00,-3.788169922545392865e+00,0.000000000000000000e+00
9.985978176931542549e-01,-1.168194573273184211e+00,0.000000000000000000e+00
2.433193925376109235e-01,-2.166848681081410710e+00,0.000000000000000000e+00
-4.380332550521891299e+00,1.155511351718789825e-01,0.000000000000000000e+00
2.040910706282665465e+00,-4.425821251825613700e+00,0.000000000000000000e+00
-5.628241785362035898e-01,-3.690934437609385554e-01,0.000000000000000000e+00
-2.793222549631123819e+00,-2.864346211451103130e-01,0.000000000000000000e+00
8.831653729106356820e-01,2.946397849845463490e+00,0.000000000000000000e+00
4.880993081873237216e-01,1.874481314165672430e+00,0.000000000000000000e+00
-3.190929710825445298e-01,1.501284101458257858e+00,0.000000000000000000e+00
6.565364520843957052e-01,-3.333272100580860098e+00,0.000000000000000000e+00
-3.592633424050515778e+00,-7.000323034248454590e-01,0.000000000000000000e+00
-2.366127747576021179e-01,-2.503131230986143319e+00,0.000000000000000000e+00
-4.447556648456504114e+00,-1.887831823588821401e+00,0.000000000000000000e+00
-1.244567409360187504e+00,-5.996754625680038586e-01,0.000000000000000000e+00
-3.489396054287195348e+00,2.026185217500962032e+00,0.000000000000000000e+00
1.289169732161115078e+00,-1.164966438694089668e+00,0.000000000000000000e+00
-3.797150572156410941e+00,-2.965235297579537299e+00,0.000000000000000000e+00
3.225482436541655673e+00,-4.402310774922488790e+00,0.000000000000000000e+00
3.265891126738802441e-01,2.670023526331963382e+00,0.000000000000000000e+00
-2.981911755636712513e+00,-2.298678386071406621e-01,0.000000000000000000e+00
-2.468278110125627478e+00,-3.954716174872789480e+00,0.000000000000000000e+00
2.161217096496569567e+00,2.801001114296497008e+00,0.000000000000000000e+00
6.463777407544446518e-01,-1.857993309196370291e+00,0.000000000000000000e+00
1.412331090066736294e+00,3.344652531802774220e+00,0.000000000000000000e+00
1.658261242583904504e+00,-4.770069543795264266e+00,0.000000000000000000e+00
-3.514706343893124973e+00,2.234340181713950990e+00,0.000000000000000000e+00
3.967116541467987645e-01,-3.702234724149935374e+00,0.000000000000000000e+00
-2.524393357318177600e+00,-3.519938054570050490e+00,0.000000000000000000e+00
1.403984803888538302e+00,3.368853619209437156e+00,0.000000000000000000e+00
-3.597279285293101481e+00,-2.415947865515270188e+00,0.000000000000000000e+00
1.944876050111917998e+00,-4.354787933311558668e+00,0.000000000000000000e+00
1.494875910023895749e+00,-3.867198984248596982e+00,0.000000000000000000e+00
2.653818401343884581e+00,3.274710080375667687e+00,0.000000000000000000e+00
-1.297774342604259612e+00,-7.148046186498646648e-02,0.000000000000000000e+00
2.250181902705110204e+00,-6.454273370635030815e-01,0.000000000000000000e+00
6.130539077020875638e-01,-1.735093687193787648e+00,0.000000000000000000e+00
-4.635983465699448303e+00,-1.612928418496028193e+00,0.000000000000000000e+00
1.612029085544776308e+00,-3.794413887195942081e+00,0.000000000000000000e+00
7.872931550173873916e-01,-2.620531250974063031e+00,0.000000000000000000e+00
-3.598903550217076308e+00,-4.752621713336040443e+00,0.000000000000000000e+00
-2.032474480535281902e+00,-3.508721213833248864e+00,0.000000000000000000e+00
-2.160017142779328658e+00,2.132088827589955216e+00,0.000000000000000000e+00
-3.986509816352379332e-01,1.451380176680307166e+00,0.000000000000000000e+00
-4.544055352177680085e+00,-8.789810403502094083e-01,0.000000000000000000e+00
3.101775122269277318e+00,-3.166902882619726523e+00,0.000000000000000000e+00
-4.600921592132861448e+00,3.236823283234196325e+00,0.000000000000000000e+00
-1.547939833438202406e+00,-1.697242160909119946e+00,0.000000000000000000e+00
2.075634100685510575e+00,2.372304873166196870e+00,0.000000000000000000e+00
7.762696660831389650e-01,-2.454557570902611285e+00,0.000000000000000000e+00
1.253794357292575157e+00,-3.084133018780373714e+00,0.000000000000000000e+00
-2.579609641041659351e+00,8.962005774829124860e-01,0.000000000000000000e+00
3.115526365668944919e+00,-1.108206752173652276e+00,0.000000000000000000e+00
1.765126178262983458e+00,6.450717781767059122e-01,0.000000000000000000e+00
3.005606229069889501e+00,-1.535363857851975045e+00,0.000000000000000000e+00
-6.161467872402148771e-02,-2.536451702285361876e+00,0.000000000000000000e+00
-5.787392913606934641e-01,3.086599033318905505e+00,0.000000000000000000e+00
-6.254282002345723512e-01,-3.495395886853515321e+00,0.000000000000000000e+00
-4.660184125194965610e+00,-2.936059021139612923e+00,0.000000000000000000e+00
5.480615324683659750e-01,8.229073478794735053e-02,0.000000000000000000e+00
3.093270618947130401e-02,-3.197828862255454041e+00,0.000000000000000000e+00
-1.889109810464281836e+00,-1.205432532342868956e+00,0.000000000000000000e+00
1.698479928391928517e+00,-4.301932112356494642e-01,0.000000000000000000e+00
-8.483382341305993890e-01,3.696118508424071081e-01,0.000000000000000000e+00
1.580948090368483605e-02,-1.779972829025473047e+00,0.000000000000000000e+00
2.573933184914212191e+00,1.732633412990861821e+00,0.000000000000000000e+00
3.125100505095281811e+00,2.000048824910453327e+00,0.000000000000000000e+00
-3.953749261531284365e+00,2.680199543041000609e+00,0.000000000000000000e+00
-1.957269830813808120e+00,-2.223967654679440020e+00,0.000000000000000000e+00
1.994808268857455325e+00,-8.169285050734433895e-01,0.000000000000000000e+00
-3.514469863841880759e+00,1.089578350961827091e+00,0.000000000000000000e+00
3.765919233243604225e-01,2.103969552278961430e+00,0.000000000000000000e+00
2.008774974425757698e+00,-3.313187207329635342e-01,0.000000000000000000e+00
2.838239424873229666e+00,2.348322806056049039e+00,0.000000000000000000e+00
5.599214904545721794e-01,3.387012158012817409e+00,0.000000000000000000e+00
1.614181949847568021e+00,2.749900396554262549e+00,0.000000000000000000e+00
-4.000163731218484564e+00,-4.444973659837101465e+00,0.000000000000000000e+00
2.977118482731385463e+00,-1.216014132415045079e+00,0.000000000000000000e+00
1.149350385886807047e+00,-4.710639667775429196e+00,0.000000000000000000e+00
-1.262899193731195968e+00,1.370025671005977053e+00,0.000000000000000000e+00
-3.576767453864038160e-01,6.573453777208939641e-01,0.000000000000000000e+00
-1.737834407950665128e+00,-2.328068445141508569e+00,0.000000000000000000e+00
3.356493180372988050e-01,-1.755024528688972296e+00,0.000000000000000000e+00
2.112673213948395912e+00,-1.523635217434531341e-01,0.000000000000000000e+00
1.449026386857596549e+00,-1.335650095635342094e+00,0.000000000000000000e+00
3.097021375078757188e+00,-1.871813496965134771e+00,0.000000000000000000e+00
2.698747045003024425e+00,-2.694268865856876971e-01,0.000000000000000000e+00
-3.877867237789095256e+00,7.410172326505071183e-01,0.000000000000000000e+00
-2.378045001161800176e+00,4.305426392514881684e-01,0.000000000000000000e+00
-3.963204648005751451e-01,-2.314010096256442495e-01,0.000000000000000000e+00
1.186248721718818899e+00,3.386095409514746635e+00,0.000000000000000000e+00
1.548945190844234432e+00,-3.767573233398705757e+00,0.000000000000000000e+00
2.956679997687673200e+00,-4.405931173377375387e-02,0.000000000000000000e+00
2.580946024435668562e-01,-3.083984805632541626e+00,0.000000000000000000e+00
3.472011296445709050e+00,2.207020225557081439e+00,0.000000000000000000e+00
-4.461154372263367307e-01,1.943581826144873403e-01,0.000000000000000000e+00
1.380824411923911477e+00,-3.966993533330137822e+00,0.000000000000000000e+00
6.045269413586202845e-01,-2.924745381301052660e-01,0.000000000000000000e+00
1.433366251591201568e+00,-2.490938906613061832e+00,0.000000000000000000e+00
1.886154406721302301e+00,-8.390546326203587313e-01,0.000000000000000000e+00
-4.265832552588577187e+00,-2.309894178521647579e+00,0.000000000000000000e+00
-1.776059383371286771e+00,-1.130599448663918150e+00,0.000000000000000000e+00
-1.281636355308071629e+00,-3.789522178312656031e+00,0.000000000000000000e+00
-2.420402146849540248e+00,2.018356175822139775e+00,0.000000000000000000e+00
4.098031118653766569e-01,1.025356772973791131e+00,0.000000000000000000e+00
4.102207477057309148e-01,-3.901144055253645604e+00,1.000000000000000000e+00
2.092324840476813108e+00,-1.647955513301923247e+00,1.000000000000000000e+00
3.434522318181789657e-01,-2.122426901362693741e+00,1.000000000000000000e+00
-2.461105792739879838e+00,-1.140898186005156578e+00,1.000000000000000000e+00
2.098550164448928612e+00,-3.047335985849672468e+00,1.000000000000000000e+00
-4.236962914280414161e+00,2.774172959218336842e+00,1.000000000000000000e+00
-4.686981053686491094e+00,-1.448933888509907231e+00,1.000000000000000000e+00
-2.072121366136560727e+00,-9.678127736917474522e-02,1.000000000000000000e+00
1.654517944494034332e+00,1.393489904710909499e-01,1.000000000000000000e+00
2.946212314931804244e+00,1.810019632007430879e+00,1.000000000000000000e+00
-4.013695983988498917e+00,1.908831832947596396e+00,1.000000000000000000e+00
-2.042973499811407301e+00,5.688956950149481884e-03,1.000000000000000000e+00
7.816825224259869032e-01,-4.297313812170783009e+00,1.000000000000000000e+00
2.719736753849883115e+00,-3.935670526510076428e+00,1.000000000000000000e+00
1.300896774506326459e+00,-1.853563359833975799e+00,1.000000000000000000e+00
-9.062457345876939740e-02,-1.433533978094279071e+00,1.000000000000000000e+00
-2.111639792556136541e+00,4.361801592516023618e-02,1.000000000000000000e+00
-1.061938633145276256e-01,-3.838556506074297658e-02,1.000000000000000000e+00
2.077167932624090163e+00,3.372799757781249852e+00,1.000000000000000000e+00
-6.761755534556002090e-01,-7.185439377818925166e-01,1.000000000000000000e+00
-3.527973918760449301e+00,-7.725170312839688691e-01,1.000000000000000000e+00
3.263700642056225121e+00,-3.399544724926668593e+00,1.000000000000000000e+00
-2.551126069130172258e+00,2.203143362720681786e+00,1.000000000000000000e+00
-3.776541482331015498e+00,-2.238743254237614444e+00,1.000000000000000000e+00
-2.843947487839885824e+00,-4.518488954497939858e+00,1.000000000000000000e+00
-3.772250423898093175e+00,-4.353189715456643683e+00,1.000000000000000000e+00
2.608332804780142844e+00,1.875988406090894678e+00,1.000000000000000000e+00
3.898329124841088955e-01,3.382479023115614325e-01,1.000000000000000000e+00
-4.080168703595197677e+00,-3.053743983954263719e+00,1.000000000000000000e+00
-1.521070142230146249e+00,3.453748089089277329e+00,1.000000000000000000e+00
-3.189850624713100213e+00,3.215015031657573630e+00,1.000000000000000000e+00
1.959727307963313514e+00,-4.400510653622639268e+00,1.000000000000000000e+00
1.708348531170835294e+00,1.289995997344250078e+00,1.000000000000000000e+00
2.171628368371252726e+00,-1.120157874986751345e+00,1.000000000000000000e+00
-2.147088741355957620e+00,-1.648542546752912230e+00,1.000000000000000000e+00
1.035621357135861231e+00,1.391314944644339135e+00,1.000000000000000000e+00
-3.286149807986979532e+00,-3.519856407708357171e+00,1.000000000000000000e+00
-4.070886482530688077e+00,-2.446402741447585072e+00,1.000000000000000000e+00
2.928518593860812480e+00,-1.176503249785859406e+00,1.000000000000000000e+00
3.378235919300806245e+00,-1.548553616258808052e+00,1.000000000000000000e+00
1.574476761585438922e+00,-1.228114233752002349e-01,1.000000000000000000e+00
2.218465306448809571e+00,2.018702900366167619e+00,1.000000000000000000e+00
-2.751977976958075889e+00,2.034685607430495757e+00,1.000000000000000000e+00
-1.447428534847742476e+00,-6.886562251963637138e-01,1.000000000000000000e+00
2.887545321784831920e+00,-2.697855894690044831e+00,1.000000000000000000e+00
1.099876282062867361e+00,3.971576220554737802e-01,1.000000000000000000e+00
-3.697749696838648514e+00,2.347061856221484888e+00,1.000000000000000000e+00
2.018211778755555130e+00,3.452704900912882735e+00,1.000000000000000000e+00
2.547912075332233961e+00,-4.796596014778583772e+00,1.000000000000000000e+00
-2.479312098759955507e+00,1.729060003297022696e+00,1.000000000000000000e+00
-7.861648906970479800e-01,1.848953500716067566e+00,1.000000000000000000e+00
8.671633355859622583e-01,-8.803509678483618650e-01,1.000000000000000000e+00
1.944153638178885757e+00,-1.909664695458521244e+00,1.000000000000000000e+00
-2.979633486685643096e+00,-6.052316707286120590e-01,1.000000000000000000e+00
3.175865668008055920e+00,3.236817292318056261e+00,1.000000000000000000e+00
2.345814266015477045e+00,-5.418753485190022090e-01,1.000000000000000000e+00
-4.834846362061985481e+00,-8.937493526432955804e-01,1.000000000000000000e+00
-3.459228338319005225e+00,2.677494835295321174e+00,1.000000000000000000e+00
-1.878975254517234905e+00,2.103781862908962630e+00,1.000000000000000000e+00
1.993089175351270725e+00,4.790106203629660442e-01,1.000000000000000000e+00
8.968762948046373751e-01,3.339062658338582068e+00,1.000000000000000000e+00
-3.885339414698911753e+00,1.792947933607313971e+00,1.000000000000000000e+00
1.772063143760201243e+00,-3.287060448796641055e+00,1.000000000000000000e+00
8.762491225909530002e-01,2.025458494874988524e+00,1.000000000000000000e+00
-3.747991804626396473e+00,3.058249939462396760e+00,1.000000000000000000e+00
2.128275396890482618e+00,1.053990653709089287e-01,1.000000000000000000e+00
-1.864203157403319544e+00,2.629065316793514739e+00,1.000000000000000000e+00
3.159560705291609928e+00,-4.658695177948121824e+00,1.000000000000000000e+00
-8.885439890309143607e-02,-1.642462458482712773e+00,1.000000000000000000e+00
-4.626898325862861761e+00,1.062102671669395981e+00,1.000000000000000000e+00
-1.549717479347000104e+00,-3.809923232341168031e-01,1.000000000000000000e+00
-1.924285449019058625e+00,-3.136663768808271691e+00,1.000000000000000000e+00
-3.094392988370757269e+00,3.103102720937339853e+00,1.000000000000000000e+00
-9.049155241758306545e-01,-1.328149899051958016e-01,1.000000000000000000e+00
-4.670677410599433088e+00,-3.981710268618131376e+00,1.000000000000000000e+00
-8.227626043433531322e-01,7.571488284021459236e-01,1.000000000000000000e+00
-2.112137288332017970e+00,3.156408826266186018e+00,1.000000000000000000e+00
3.470851672973099156e+00,1.466658082975233590e+00,1.000000000000000000e+00
-4.478884897641895790e+00,1.744726796356014908e+00,1.000000000000000000e+00
2.340059555820841020e+00,3.044861585935741743e+00,1.000000000000000000e+00
-1.526091819993938170e+00,3.744348651372559900e-01,1.000000000000000000e+00
6.090636586705144850e-02,-4.268687867009083092e+00,1.000000000000000000e+00
-3.844366277831794410e+00,-3.168848812090333311e+00,1.000000000000000000e+00
-9.995904277073930366e-01,2.232570327379280073e+00,1.000000000000000000e+00
-1.580007869370279927e+00,-6.024540375164786354e-01,1.000000000000000000e+00
1.128010821733083091e-01,-3.669663927369397172e+00,1.000000000000000000e+00
2.288027722917536089e+00,-4.769824640895145684e+00,1.000000000000000000e+00
2.569165493763407859e+00,2.488203033343561188e+00,1.000000000000000000e+00
-4.195163786621187718e+00,2.631107042036713750e+00,1.000000000000000000e+00
5.182414093467198057e-01,-4.831281152226241993e+00,1.000000000000000000e+00
3.191887407640503938e+00,1.759833836654932426e+00,1.000000000000000000e+00
-2.489838323898100558e+00,-1.025288376356657594e+00,1.000000000000000000e+00
3.333033563434172564e+00,1.525533169069924533e+00,1.000000000000000000e+00
-2.188278456363712543e+00,3.495371903197153074e-03,1.000000000000000000e+00
-3.999199358658811931e+00,-4.611295571877337629e+00,1.000000000000000000e+00
3.300724841291970080e+00,-4.121127444762328729e+00,1.000000000000000000e+00
6.701014346323228565e-01,-2.386633869455976331e+00,1.000000000000000000e+00
-3.730247069649489156e+00,-1.573416895735463061e+00,1.000000000000000000e+00
-4.336054282459850029e+00,-4.419752817290019564e+00,1.000000000000000000e+00
1.901558850854094374e+00,-4.645043919368431418e+00,1.000000000000000000e+00
-4.039342593479710253e+00,5.143632106660307457e-01,1.000000000000000000e+00
-3.420685524572857350e+00,-3.892814012275330970e+00,1.000000000000000000e+00
-3.470858673088079716e+00,1.732095040497798166e+00,1.000000000000000000e+00
-1.045170402032314705e+00,-3.901031953582170253e+00,1.000000000000000000e+00
1.340995483025841928e+00,-2.219215484671637206e+00,1.000000000000000000e+00
-3.934699727745746500e+00,7.647357773381129320e-01,1.000000000000000000e+00
3.316281015655654585e+00,-1.345511750934561324e+00,1.000000000000000000e+00
3.463113607049532305e+00,6.287635004275831108e-01,1.000000000000000000e+00
-2.461082569450923074e-02,-1.240792516134812562e+00,1.000000000000000000e+00
-6.226328464495534121e-02,2.581508931741974600e+00,1.000000000000000000e+00
-7.712408848986989085e-01,-3.971442265182016929e+00,1.000000000000000000e+00
-1.939782335301898364e+00,-3.768763275040885485e+00,1.000000000000000000e+00
1.308128027322263520e+00,-1.552266234048653715e-01,1.000000000000000000e+00
-1.708595403316420569e+00,3.302171724764669136e+00,1.000000000000000000e+00
-4.115222472946178378e+00,1.908459507012878476e-01,1.000000000000000000e+00
-2.515999411101549121e+00,2.182169241818954220e-01,1.000000000000000000e+00
-2.804000575810051021e+00,3.140393255403066242e+00,1.000000000000000000e+00
1.002064376116114097e+00,1.734183193521009692e+00,1.000000000000000000e+00
1.267875499194136779e+00,1.553018512462589484e-01,1.000000000000000000e+00
1.390091527948587924e+00,-1.922439493646418640e+00,1.000000000000000000e+00
-2.074105045109275736e-01,2.530121624192760876e+00,1.000000000000000000e+00
-3.119762635157999675e+00,-1.830009911266693212e+00,1.000000000000000000e+00
-1.238303480440981374e+00,-4.791064781249642301e+00,1.000000000000000000e+00
1.832456431382551543e+00,-2.197825816976416213e+00,1.000000000000000000e+00
2.087989560413665124e+00,9.023895129787913305e-01,1.000000000000000000e+00
-9.560980150883273687e-01,2.883282945902789329e+00,1.000000000000000000e+00
-1.218248360036371380e-01,-4.479148777361871225e+00,1.000000000000000000e+00
-1.362319796738245437e+00,2.040897377663792867e+00,1.000000000000000000e+00
2.054823005618282572e+00,2.386527884993130399e-01,1.000000000000000000e+00
-3.453875220811694291e+00,2.981100229070861474e+00,1.000000000000000000e+00
1.418202464014039599e+00,-4.614518986188468119e+00,1.000000000000000000e+00
-2.839976150462371063e+00,2.921271968545253728e-01,1.000000000000000000e+00
-2.284260908184432726e+00,-1.355284325763341791e+00,1.000000000000000000e+00
-4.147814856533352135e+00,1.249790261260496749e+00,1.000000000000000000e+00
-4.629431693203720499e+00,-1.979589863082624746e-01,1.000000000000000000e+00
2.511652030525004520e-01,2.175734036502920965e+00,1.000000000000000000e+00
-1.267590876493861263e+00,-2.241196612761554352e+00,1.000000000000000000e+00
6.655566174285567627e-01,-4.758719522900856980e+00,1.000000000000000000e+00
2.982535858276684770e+00,2.823638292869166122e-01,1.000000000000000000e+00
2.725298658033761257e-01,1.121293295548833946e+00,1.000000000000000000e+00
-9.730936105987750828e-01,2.718145668973064311e+00,1.000000000000000000e+00
1.276306347584599266e-01,2.271526194065943471e+00,1.000000000000000000e+00
1.602801113470755823e+00,-3.836913744892607170e+00,1.000000000000000000e+00
2.204065140675134593e+00,-4.649651361791999449e+00,1.000000000000000000e+00
-1.503548247654691750e+00,2.704204228967299173e+00,1.000000000000000000e+00
-1.336490386754450643e+00,1.377172522785177655e+00,1.000000000000000000e+00
-6.996099376349862453e-01,2.029735893362418331e+00,1.000000000000000000e+00
-3.796365206660494707e+00,-8.126166623349773133e-01,1.000000000000000000e+00
-3.850976749509841923e+00,9.177279648798268852e-01,1.000000000000000000e+00
7.136517785464198127e-01,-2.773416806379286115e+00,1.000000000000000000e+00
2.097750329857205109e+00,2.905469695196537749e+00,1.000000000000000000e+00
2.765156831581828456e+00,-2.050723635764946096e-01,1.000000000000000000e+00
-1.572630475569242847e+00,2.633478533753486062e-02,1.000000000000000000e+00
-1.375655857034869367e+00,-1.213007178673477071e+00,1.000000000000000000e+00
-4.722261420174761248e+00,-3.334582933529253168e-01,1.000000000000000000e+00
3.271868679183604911e+00,2.343349923901508980e+00,1.000000000000000000e+00
-1.871198322322279228e+00,-3.812889067821313649e+00,1.000000000000000000e+00
2.432783716054032652e+00,-2.740728620008347161e+00,1.000000000000000000e+00
-6.473752109800070542e-01,-5.637537454671113224e-01,1.000000000000000000e+00
2.750689053472108903e+00,1.708218295778761942e+00,1.000000000000000000e+00
-2.570060763132734571e+00,3.318560248153886505e+00,1.000000000000000000e+00
-2.944958449690737723e-02,-3.713030035812563412e+00,1.000000000000000000e+00
-2.793791195705440877e+00,-3.767484745066309593e+00,1.000000000000000000e+00
2.249562514803127300e-01,3.460415023144721047e+00,1.000000000000000000e+00
-1.024834160128124338e+00,3.274427110333272495e+00,1.000000000000000000e+00
3.350736828959098190e+00,-3.926155861331063868e+00,1.000000000000000000e+00
2.032162140044146525e+00,3.315854003484702162e+00,1.000000000000000000e+00
2.462126305603812959e+00,-3.101979300283370211e+00,1.000000000000000000e+00
2.404657424462706139e+00,-1.583652349592245212e+00,1.000000000000000000e+00
-2.271721165402540432e+00,9.562847373634681958e-01,1.000000000000000000e+00
-4.542566747951776840e+00,1.563802320745749874e+00,1.000000000000000000e+00
2.117694274802095933e+00,2.227357624164688410e+00,1.000000000000000000e+00
1.794043664665047721e+00,-1.459801253549501965e-01,1.000000000000000000e+00
5.905538081623591395e-01,-8.986577567630238406e-02,1.000000000000000000e+00
-2.712457350806682488e+00,-5.804769107677634210e-01,1.000000000000000000e+00
2.288457647133158801e+00,-9.227085048856316085e-01,1.000000000000000000e+00
1.514791975683109193e+00,3.404049503862282222e+00,1.000000000000000000e+00
1.086329604544177485e+00,-4.562146438958021299e+00,1.000000000000000000e+00
-3.356169417393436660e+00,1.657863673875066723e+00,1.000000000000000000e+00
-4.138421666668889110e+00,3.470492122626971820e+00,1.000000000000000000e+00
1.202103933514448109e+00,-2.437581731982802591e+00,1.000000000000000000e+00
9.444317711038756613e-01,2.831718848171608904e+00,1.000000000000000000e+00
-3.279064259261860848e+00,4.224361714192275130e-01,1.000000000000000000e+00
-2.358708497758523315e+00,-2.360954295185294427e+00,1.000000000000000000e+00
-1.483117726126477187e+00,-2.905610916329024462e-01,1.000000000000000000e+00
-2.445174492361126273e+00,-1.672726178792773855e+00,1.000000000000000000e+00
-9.068184567097690163e-01,-2.307699437454945546e+00,1.000000000000000000e+00
2.297012472165706143e+00,-4.282441770744428666e+00,1.000000000000000000e+00
3.283575400793662169e+00,3.367103703837701190e+00,1.000000000000000000e+00
5.861657918222658026e-01,-3.012175428830675017e+00,1.000000000000000000e+00
1.846348427014692817e+00,-8.682325284493326301e-01,1.000000000000000000e+00
-2.587946169906887306e-01,-8.387133213141302335e-01,1.000000000000000000e+00
1.829040290276147118e+00,-1.753637235687127927e+00,1.000000000000000000e+00
2.004680347479453673e+00,-2.312252197978709845e+00,1.000000000000000000e+00
-1.242553481025000295e+00,-1.826147755379134985e+00,1.000000000000000000e+00
1.866770110217850664e+00,2.089004533383999274e+00,1.000000000000000000e+00
-5.436288365219423824e-01,-2.632655670805696957e-01,1.000000000000000000e+00
-1.617818670160595218e+00,2.352308851088842800e+00,1.000000000000000000e+00
-3.971489994455910111e+00,-6.097881440793022634e-01,1.000000000000000000e+00
1.047815793622076441e+00,-4.315066103010509302e+00,1.000000000000000000e+00
